UFSigla;gtap;elasticities
AC;1.0;1.1141762549158756
AC;3.0;5.609926555816841
AC;4.0;-5.069778609635428
AC;5.0;0.13318143556825301
AC;7.0;-29.64256300894514
AC;8.0;14.93925043328521
AC;9.0;6.278279951195117
AC;10.0;3.496873578743646
AC;11.0;19.443594242007492
AC;12.0;0.222296130573378
AC;13.0;-0.7841665816978165
AC;14.0;5.330620980643712
AC;18.0;-2.500970399292733
AC;19.0;-0.542774458721043
AC;20.0;6.00244032587195
AC;21.0;2.7020048460582617
AC;22.0;-0.09706456573102606
AC;23.0;2.834160257380937
AC;24.0;-9.387166661218949
AC;25.0;0.7431445168985107
AC;26.0;1.661130348956333
AC;27.0;0.41212041429509005
AC;28.0;2.3774131837777546
AC;29.0;4.064125639124063
AC;30.0;0.5567122052391404
AC;31.0;-17.873979330316836
AC;32.0;0.25295481086861393
AC;33.0;2.4263345613248557
AC;34.0;1.662064169095105
AC;35.0;-1.6633719190146117
AC;36.0;-0.7817696463789368
AC;37.0;1.9592291670150717
AC;38.0;2.030333922111449
AC;39.0;5.254430434470859
AC;40.0;-2.495711378830884
AC;41.0;1.7401614791127087
AC;42.0;0.7088380793413549
AC;43.0;0.7510472347049628
AC;45.0;3.7368056678394197
AC;46.0;0.5884852216450431
AC;47.0;1.442130798612288
AC;48.0;0.9467863223718549
AC;49.0;1.3174671552644046
AC;50.0;0.6774557028058696
AC;51.0;0.8369049753791415
AC;52.0;2.049555625781686
AC;53.0;3.0306224164746087
AC;54.0;2.8066218480666327
AC;55.0;0.774594327774313
AC;56.0;1.106388712288009
AC;57.0;1.079872572472682
AL;1.0;2.9608500371646826
AL;3.0;-9.56520096008419
AL;4.0;0.19258653094354372
AL;5.0;-0.29273307320230835
AL;6.0;-1.7876777084007358
AL;7.0;10.424113959911555
AL;8.0;12.831114674886635
AL;9.0;-0.39775449567227383
AL;10.0;2.2698806346594793
AL;11.0;-15.077154021025535
AL;12.0;-2.7132302524716256
AL;13.0;-10.992034579732874
AL;14.0;3.1891802982091626
AL;15.0;15.938838533954025
AL;16.0;2.7021497072078837
AL;18.0;1.8074892183552578
AL;19.0;0.8658641854615219
AL;20.0;0.732056583310337
AL;21.0;0.2790166870201626
AL;22.0;1.0974423752121858
AL;23.0;-4.588233966256282
AL;24.0;0.6050151930353707
AL;25.0;1.0904913735532418
AL;26.0;0.25823772097014075
AL;27.0;0.07961321084264572
AL;28.0;1.0214734478473986
AL;29.0;4.35636884526771
AL;30.0;3.0970615691956516
AL;31.0;2.544972892951842
AL;32.0;-0.8681447981432857
AL;33.0;-1.0101401159593024
AL;34.0;0.9808367091601546
AL;35.0;-0.2561766249138362
AL;36.0;-2.083243750648368
AL;37.0;1.3407476637714053
AL;38.0;2.8367476994275505
AL;39.0;1.1727529207456509
AL;40.0;2.2923119909372325
AL;41.0;2.921785815608845
AL;42.0;1.043913624858746
AL;43.0;0.5179264310693981
AL;44.0;1.574693134999293
AL;45.0;0.09640642182557002
AL;46.0;1.7637131695723962
AL;47.0;1.3590958689452144
AL;48.0;1.0887998841494948
AL;49.0;0.1932761524057396
AL;50.0;1.1402014921119896
AL;51.0;1.6912850750519812
AL;52.0;1.1900607345140592
AL;53.0;0.7933335750957475
AL;54.0;1.4240808975071992
AL;55.0;1.4025433902290416
AL;56.0;1.006083370188808
AL;57.0;1.6513986803496024
AM;1.0;-2.6715328727158862
AM;3.0;-19.023602479518438
AM;4.0;-5.819598324488865
AM;5.0;0.4606432559659578
AM;6.0;-2.815760590573248
AM;7.0;-1.7730478861546775
AM;8.0;-2.8480750766215834
AM;9.0;2.291675868382214
AM;10.0;1.0648285457988393
AM;11.0;-59.68651805862183
AM;12.0;2.3059172091266946
AM;13.0;5.371647428912468
AM;14.0;0.5492411500914578
AM;16.0;2.8181521634832976
AM;18.0;-3.774249643943577
AM;19.0;-0.3591170820433405
AM;20.0;0.38182047192217006
AM;21.0;-6.607033473591265
AM;22.0;1.2000591537941308
AM;23.0;-0.7360819737601403
AM;25.0;0.642976331986711
AM;26.0;1.5361651813757975
AM;27.0;1.4031907331369604
AM;28.0;1.2183113729594002
AM;29.0;4.842853803349474
AM;30.0;-0.15699899300927633
AM;31.0;1.3818360807725725
AM;32.0;0.13697759397612863
AM;33.0;0.15141819160314185
AM;34.0;1.0389999365420213
AM;35.0;1.3566846701892565
AM;36.0;2.4620202621635983
AM;37.0;2.6550672664651334
AM;38.0;1.0242529339717237
AM;39.0;0.3301285224935917
AM;40.0;2.130150494098368
AM;41.0;2.3742133273665518
AM;42.0;0.6935784250242509
AM;43.0;1.6431874802802753
AM;44.0;6.332105029247619
AM;45.0;3.89772639407418
AM;46.0;0.8992984603090335
AM;47.0;1.330868653615509
AM;48.0;0.6553744191837829
AM;49.0;0.8006081117605932
AM;50.0;0.918511199022622
AM;51.0;1.5237167655803852
AM;52.0;0.7522873996024408
AM;53.0;1.6614714905688182
AM;54.0;0.9671946447279307
AM;55.0;1.3652264687864673
AM;56.0;1.055236465051049
AM;57.0;1.4765609528660937
AP;1.0;-3.75536104098596
AP;3.0;-8.421722800226028
AP;4.0;-0.18149415055500384
AP;6.0;0.056888858363892215
AP;8.0;17.20364047528694
AP;9.0;19.577931618342177
AP;10.0;3.038572949986687
AP;11.0;21.053123498906473
AP;13.0;3.7917916529158493
AP;14.0;14.912390394563907
AP;16.0;0.3396617951540741
AP;18.0;3.053774332620044
AP;19.0;4.620918580076069
AP;20.0;6.957451084528881
AP;22.0;7.2255661693810485
AP;23.0;0.3350409011431421
AP;24.0;-0.44449776585136336
AP;25.0;0.8065488558072449
AP;26.0;2.282316761709225
AP;27.0;0.5925163790076782
AP;28.0;2.4690483187124066
AP;29.0;4.32237667232138
AP;30.0;0.7346854870781643
AP;31.0;0.47678135752300577
AP;32.0;0.0
AP;33.0;9.377036241579034
AP;34.0;0.5660696708077593
AP;35.0;-11.095260036202408
AP;36.0;4.204673447764891
AP;37.0;0.8980500682188977
AP;38.0;0.19395615546955147
AP;39.0;7.728762430859074
AP;40.0;0.0
AP;41.0;-0.3382238735206471
AP;42.0;1.388186961857068
AP;43.0;1.774138521823005
AP;45.0;2.189295001308313
AP;46.0;1.4031891854076228
AP;47.0;1.463076132811807
AP;48.0;0.7087842672313549
AP;49.0;0.9718703294319901
AP;50.0;0.26302291268191613
AP;51.0;1.0899247759521238
AP;52.0;1.9506493768739173
AP;53.0;3.7377312722058873
AP;54.0;1.3137477406306264
AP;55.0;1.796423737361465
AP;56.0;1.2791940213737902
AP;57.0;2.394087775311581
BA;1.0;-0.586604500886537
BA;2.0;5.602876540683245
BA;3.0;6.774370646964769
BA;4.0;-1.6741761235692252
BA;5.0;-0.16510868500169806
BA;6.0;14.683291032800582
BA;7.0;1.8735146012721948
BA;8.0;2.4719602314614804
BA;9.0;1.1396659546028332
BA;10.0;0.5314560466254079
BA;11.0;0.5578732979165579
BA;12.0;0.039649186030322525
BA;13.0;0.47676362746980505
BA;14.0;1.3108608385065779
BA;15.0;3.723768506370427
BA;16.0;0.013383559242086562
BA;18.0;1.5404627533096544
BA;19.0;1.3572076973683496
BA;20.0;1.8312058456877764
BA;21.0;4.01003910730063
BA;22.0;2.186249084366823
BA;23.0;-0.830672583028182
BA;24.0;4.155429123578797
BA;25.0;1.3792929347841802
BA;26.0;0.5997028907708177
BA;27.0;3.0499658971774757
BA;28.0;0.9122762235655077
BA;29.0;0.7073535650103926
BA;30.0;2.4302956465988146
BA;31.0;2.3029698139262287
BA;32.0;1.3928705460424133
BA;33.0;1.582798070144591
BA;34.0;2.0292390840248284
BA;35.0;1.7838281566281324
BA;36.0;-1.1513317900357123
BA;37.0;2.3044997424414273
BA;38.0;0.44710623068707456
BA;39.0;1.6690867885885154
BA;40.0;2.480280434478363
BA;41.0;0.44028221608406337
BA;42.0;1.1912454887406838
BA;43.0;0.7964887020101798
BA;44.0;1.06581352350491
BA;45.0;2.670209938104488
BA;46.0;1.1467383759061347
BA;47.0;1.117172032613567
BA;48.0;0.9084348630640342
BA;49.0;0.524223055071869
BA;50.0;0.9643410096364766
BA;51.0;1.8436972385954142
BA;52.0;1.250630663750048
BA;53.0;1.0524836916043512
BA;54.0;1.0691856663514958
BA;55.0;1.3030768600161267
BA;56.0;1.029760450687732
BA;57.0;1.6425023626088162
CE;1.0;3.5714462317985607
CE;2.0;0.4021510655851414
CE;3.0;4.016387279003915
CE;4.0;1.975005535346753
CE;5.0;-1.8900750830270656
CE;6.0;-3.00900447390228
CE;7.0;3.1290445943430214
CE;8.0;18.721603186321914
CE;9.0;6.482232250058104
CE;10.0;1.1656100571218104
CE;11.0;22.48602379183791
CE;12.0;8.118091697422553
CE;13.0;5.439341633786787
CE;14.0;1.8278672174764878
CE;15.0;-20.451533929793477
CE;16.0;0.3953985326714644
CE;18.0;0.7070571987782159
CE;19.0;0.8423007086002521
CE;20.0;3.131314981719708
CE;21.0;-0.8165314119296649
CE;22.0;1.7170468367096703
CE;23.0;-2.1365096754384894
CE;24.0;-1.1437055961647378
CE;25.0;0.4751414664195224
CE;26.0;2.2175933036696143
CE;27.0;0.4559090694022583
CE;28.0;1.5146631358112455
CE;29.0;0.3912334538899609
CE;30.0;1.327358032317111
CE;31.0;2.8357751862620937
CE;32.0;0.5613786807050198
CE;33.0;0.5373569961460589
CE;34.0;1.1993988034151926
CE;35.0;-0.5895035512156159
CE;36.0;-0.39812529107615724
CE;37.0;2.1177999768292413
CE;38.0;1.495381535023662
CE;39.0;1.1906582224340863
CE;40.0;-1.3157278321826418
CE;41.0;1.5356636939882335
CE;42.0;2.2820653211599407
CE;43.0;1.3259979531224388
CE;44.0;4.363571703342042
CE;45.0;3.756585531391785
CE;46.0;1.44407439990667
CE;47.0;1.6004547403844747
CE;48.0;1.086430188831578
CE;49.0;0.2358521302283867
CE;50.0;0.39357994098720717
CE;51.0;1.7645613810164225
CE;52.0;1.5435868751059658
CE;53.0;1.9334769425865996
CE;54.0;1.3234090805615626
CE;55.0;1.3766184061471307
CE;56.0;1.4237284115827649
CE;57.0;1.2254082541328897
DF;1.0;25.95284917228399
DF;2.0;-2.423878192077691
DF;3.0;-14.143820606050966
DF;4.0;4.527294223123931
DF;5.0;-0.9568831121499688
DF;6.0;21.912334609307912
DF;7.0;-16.87790034094932
DF;8.0;4.840683263368504
DF;9.0;-4.875757816671268
DF;10.0;-0.1181196776959581
DF;11.0;-13.23543582051073
DF;12.0;-0.5848299888269919
DF;13.0;2.567442037219057
DF;14.0;1.5584569595511653
DF;15.0;0.12577571289581174
DF;18.0;0.1716784773927813
DF;19.0;6.987570415454591
DF;20.0;0.717796795693328
DF;21.0;8.86253908957272
DF;22.0;-0.30380311309263064
DF;23.0;10.868801840838065
DF;24.0;-0.4040651372955102
DF;25.0;0.7299443440005451
DF;26.0;2.286864722145689
DF;27.0;2.3167862958094627
DF;28.0;1.1560155323730594
DF;29.0;4.626915965071148
DF;30.0;3.587241250458151
DF;31.0;-1.934983285863776
DF;32.0;1.4709646210281107
DF;33.0;1.742530076096168
DF;34.0;1.742011844670138
DF;35.0;-3.4395635311558133
DF;36.0;-1.5568483618884787
DF;37.0;2.9025527857822118
DF;38.0;1.5528228420493928
DF;39.0;-0.17716329799125496
DF;40.0;4.19519914520186
DF;41.0;0.6736936929175048
DF;42.0;0.9900952309474444
DF;43.0;1.1483567176482268
DF;44.0;-0.633539334784359
DF;45.0;1.0545311695349326
DF;46.0;0.8583007434781837
DF;47.0;0.8020262449725308
DF;48.0;0.9245896867838059
DF;49.0;-3.1512809968441493
DF;50.0;1.0911522492592738
DF;51.0;0.4839624860509524
DF;52.0;1.995197255390874
DF;53.0;1.7306503290356137
DF;54.0;0.7941127548594711
DF;55.0;0.7469841333976994
DF;56.0;1.1311184810538748
DF;57.0;1.1142493344059963
ES;1.0;-4.755941800048575
ES;2.0;0.23249545585384485
ES;3.0;2.5231287833274934
ES;4.0;-0.7261903232181197
ES;5.0;0.06893480444071365
ES;6.0;13.623522965208792
ES;7.0;0.8919776692317907
ES;8.0;0.24460094539409738
ES;9.0;-0.5080940478486298
ES;10.0;0.6650336340393608
ES;11.0;1.5495288086024743
ES;12.0;-3.3284238608889387
ES;13.0;-0.7130453293557029
ES;14.0;0.9072142601830677
ES;15.0;-25.647408990718112
ES;16.0;1.589656752882611
ES;18.0;-0.6555862454950159
ES;19.0;0.7221726389370957
ES;20.0;3.6117901972753543
ES;21.0;9.566659458899197
ES;22.0;1.1281214077966748
ES;23.0;-0.8135409186184737
ES;24.0;1.223179831593832
ES;25.0;0.8000124934376158
ES;26.0;3.7390944432821382
ES;27.0;2.9670419838502946
ES;28.0;0.08553049311329453
ES;29.0;2.355733801237168
ES;30.0;1.6016251605521212
ES;31.0;-3.7553347982517877
ES;32.0;0.546570672436582
ES;33.0;1.7742228621492693
ES;34.0;0.7602928051062428
ES;35.0;0.046551469814756885
ES;36.0;-10.007805496517015
ES;37.0;1.0424948309032267
ES;38.0;0.9450245241770032
ES;39.0;3.733658087286104
ES;40.0;6.140016494605387
ES;41.0;0.3059468228901192
ES;42.0;0.7292057447626643
ES;43.0;0.19554293156412683
ES;44.0;4.281112976689146
ES;45.0;1.3825517245312788
ES;46.0;0.45312057526127525
ES;47.0;0.7845818695682887
ES;48.0;0.8858959754964069
ES;49.0;0.8268168960199818
ES;50.0;0.9330268069457297
ES;51.0;1.3273750976468115
ES;52.0;0.8186391183462121
ES;53.0;1.9958887669478003
ES;54.0;1.1904616560756214
ES;55.0;1.2494649612737216
ES;56.0;0.8912774254788118
ES;57.0;1.172311277295484
GO;1.0;-7.945782857428853
GO;2.0;0.9060493401517782
GO;3.0;-0.8920013122397563
GO;4.0;1.8568571912089311
GO;5.0;0.36789065274156485
GO;6.0;-3.0023739032403114
GO;7.0;1.3249118499219676
GO;8.0;4.4741174804035495
GO;9.0;1.9027786123700707
GO;10.0;2.4747207234599102
GO;11.0;5.480814032838566
GO;12.0;-0.6749404150386749
GO;13.0;1.6548929022314365
GO;14.0;0.15297205051822615
GO;15.0;-4.358815075932654
GO;16.0;-1.2699950585918316
GO;18.0;1.3969752475456403
GO;19.0;1.6204547148969937
GO;20.0;1.7517799449035252
GO;21.0;1.5061441908221909
GO;22.0;0.7007976213160152
GO;23.0;2.30548281103367
GO;24.0;2.3319479038307396
GO;25.0;1.288652317832268
GO;26.0;1.9066654261326859
GO;27.0;1.0472230865279384
GO;28.0;1.648555859265656
GO;29.0;2.6775324599829924
GO;30.0;4.701399997023591
GO;31.0;5.37881570780965
GO;32.0;1.5663974766366398
GO;33.0;1.2361330951109721
GO;34.0;1.1307731146715732
GO;35.0;-0.6723667321659086
GO;36.0;3.3410925504342277
GO;37.0;1.4320942055856003
GO;38.0;2.6180149558968706
GO;39.0;0.9845591497264801
GO;40.0;2.9022921120672596
GO;41.0;2.186993883775986
GO;42.0;2.1301338211251863
GO;43.0;-1.9393853420750986
GO;44.0;-0.7977853749764332
GO;45.0;2.2074267860028627
GO;46.0;1.1435077399278741
GO;47.0;1.2332990284448258
GO;48.0;1.1659498442268248
GO;49.0;-0.5184855816750789
GO;50.0;1.1736709329240433
GO;51.0;0.30708297930435435
GO;52.0;1.4820474446199547
GO;53.0;2.3106869893508115
GO;54.0;1.4889538791498715
GO;55.0;1.0874967691109276
GO;56.0;1.6267684153421698
GO;57.0;1.4807528559023933
MA;1.0;3.135085321571623
MA;2.0;0.236060563498064
MA;3.0;3.653075477080492
MA;4.0;3.2271117304216546
MA;5.0;-7.055587342596768
MA;6.0;0.4670425338046016
MA;7.0;26.187689960023377
MA;8.0;11.681732523671485
MA;9.0;1.40013086276727
MA;10.0;1.915448821650486
MA;11.0;0.6427162124608685
MA;12.0;0.3678736112471901
MA;13.0;1.7772806561426036
MA;14.0;-4.676898973866759
MA;15.0;-8.466043054689653
MA;16.0;0.10773087523530123
MA;18.0;1.6695369890594165
MA;19.0;1.622704631560806
MA;20.0;7.431988774442363
MA;21.0;0.1256887583113233
MA;22.0;1.6831655610491563
MA;23.0;5.2855200801632165
MA;24.0;-7.494379630813146
MA;25.0;1.7280426154151671
MA;26.0;1.0350972773991707
MA;27.0;0.3924263554919065
MA;28.0;1.4081350158598376
MA;29.0;3.152016975379058
MA;30.0;0.2618431780195216
MA;31.0;1.6518082121113977
MA;32.0;1.7202544521720924
MA;33.0;4.07659915572636
MA;34.0;2.634446048441582
MA;35.0;-1.2200790939505541
MA;36.0;3.1884966005004607
MA;37.0;0.8971223789034859
MA;38.0;0.49369110722935083
MA;39.0;4.061697747620631
MA;40.0;5.1419761636425685
MA;41.0;3.748507794757505
MA;42.0;1.8763978870506843
MA;43.0;0.6730387670975801
MA;44.0;2.3504675466032543
MA;45.0;1.1234274951074639
MA;46.0;1.3535698040722073
MA;47.0;1.6107979954443312
MA;48.0;1.1691216071171944
MA;49.0;0.8375716965452789
MA;50.0;0.08818688221343418
MA;51.0;1.4093909231003572
MA;52.0;1.1206804192542847
MA;53.0;1.4044741114356611
MA;54.0;1.7684200738640463
MA;55.0;1.664467570375571
MA;56.0;1.4034638827600645
MA;57.0;2.673245301103019
MG;1.0;8.167016386446946
MG;2.0;-17.78936932644418
MG;3.0;0.3757283822892248
MG;4.0;1.3201107958946636
MG;5.0;1.361368315035925
MG;6.0;8.086657657268717
MG;7.0;-1.5370462948887251
MG;8.0;-1.2066908255078488
MG;9.0;0.09951444276896382
MG;10.0;0.8039493320944899
MG;11.0;0.7360484005506578
MG;12.0;1.605785316698043
MG;13.0;1.288194636670041
MG;14.0;-1.1584156733026703
MG;15.0;18.203207178670144
MG;16.0;10.754212812049158
MG;18.0;0.18430938558364574
MG;19.0;1.3442906284820086
MG;20.0;1.257402792401919
MG;21.0;0.031674800227293076
MG;22.0;0.6706361684579729
MG;23.0;-0.33996200155084466
MG;24.0;0.9879358375018725
MG;25.0;0.8987342746749682
MG;26.0;1.3295177778163572
MG;27.0;1.6704717920979952
MG;28.0;0.7788809469135671
MG;29.0;1.7016639478548914
MG;30.0;2.805854846383884
MG;31.0;1.4945381961856938
MG;32.0;1.856956460171375
MG;33.0;2.0353814641875125
MG;34.0;1.2543239072537968
MG;35.0;0.9024277476403473
MG;36.0;1.6932360401331294
MG;37.0;0.8698629291971365
MG;38.0;1.644395657321624
MG;39.0;1.7819743866201643
MG;40.0;1.1082018521119554
MG;41.0;0.8351733945913242
MG;42.0;0.9780469360889885
MG;43.0;-1.3332510188975206
MG;44.0;2.5429667576788058
MG;45.0;1.2898249416891332
MG;46.0;0.6978813515283377
MG;47.0;0.9524957734457153
MG;48.0;0.8811282604258519
MG;49.0;0.11067240842280235
MG;50.0;1.9002307683331123
MG;51.0;0.21218800803596238
MG;52.0;1.264001763599552
MG;53.0;0.8318316087826343
MG;54.0;1.0855627169715891
MG;55.0;0.847589740253504
MG;56.0;0.7465647767948056
MG;57.0;1.218297363190639
MS;1.0;-0.9524158674526859
MS;2.0;-3.5918985986429277
MS;3.0;6.107910991558043
MS;4.0;0.70900239887834
MS;5.0;4.132825368393091
MS;6.0;0.0001675074893796591
MS;7.0;4.177501014961887
MS;8.0;-3.348796729816968
MS;9.0;0.0032947482601457523
MS;10.0;0.8975253889921788
MS;11.0;7.222480010457275
MS;12.0;2.824104638965945
MS;13.0;2.5551172779100217
MS;14.0;0.8904829431541579
MS;15.0;-0.8780830726937392
MS;16.0;-36.36768348673391
MS;18.0;1.2823495221574177
MS;19.0;0.5436570161452732
MS;20.0;1.2500782742056096
MS;21.0;1.5154703913231398
MS;22.0;0.6858363440717987
MS;23.0;0.7267756166338444
MS;24.0;4.233316687015103
MS;25.0;2.279143064800266
MS;26.0;1.9482201503980905
MS;27.0;0.6877572628116795
MS;28.0;2.866005951815719
MS;29.0;3.4539237932543685
MS;30.0;2.168179841718281
MS;31.0;11.81359587517294
MS;32.0;3.438116797854793
MS;33.0;6.538159210560464
MS;34.0;1.8251370779830491
MS;35.0;1.3103061368068172
MS;36.0;1.109687703418592
MS;37.0;1.9099336267974003
MS;38.0;1.6378508331288382
MS;39.0;-3.4305798595497836
MS;40.0;7.397944885678168
MS;41.0;1.5714857283722576
MS;42.0;1.7577465402396761
MS;43.0;2.47280443166936
MS;44.0;-0.12511749447672216
MS;45.0;3.724623831280212
MS;46.0;0.9785131126456585
MS;47.0;1.123369311841019
MS;48.0;1.347135206871318
MS;49.0;0.463245839385225
MS;50.0;1.13198074746607
MS;51.0;1.2328510032599613
MS;52.0;0.624825626402064
MS;53.0;0.46536200314668896
MS;54.0;1.2715330512448482
MS;55.0;1.1471729564002757
MS;56.0;0.8684807074151273
MS;57.0;1.579679556806429
MT;1.0;-1.8563282329944428
MT;2.0;13.428565939773696
MT;3.0;0.9211559429564744
MT;4.0;3.0102589996581344
MT;5.0;-0.6318808503747029
MT;6.0;2.189816222383058
MT;7.0;0.7823284897485188
MT;8.0;6.522238966750308
MT;9.0;3.817537438187287
MT;10.0;5.259753600017376
MT;11.0;26.848222568585868
MT;12.0;-1.7524379730757573
MT;13.0;3.5510966433319293
MT;14.0;-1.828719541349212
MT;15.0;-6.93165156397523
MT;18.0;-0.050958914677920575
MT;19.0;1.1419991747217768
MT;20.0;2.4951252943043016
MT;21.0;2.0212285751031
MT;22.0;1.0985664594233064
MT;23.0;-0.4878241499975573
MT;24.0;-1.4907422950086797
MT;25.0;3.3902868881341544
MT;26.0;2.004649252563944
MT;27.0;1.3328486692123311
MT;28.0;2.6744053487812565
MT;29.0;3.8239362079729213
MT;30.0;0.21056504341492221
MT;31.0;2.0724874030486973
MT;32.0;0.2773831616087339
MT;33.0;3.151172127643397
MT;34.0;1.3060857078830033
MT;35.0;0.9346914205469901
MT;36.0;-6.630676878377641
MT;37.0;1.5669912668382118
MT;38.0;1.4911877069932524
MT;39.0;0.9596576341270864
MT;40.0;2.2622655392379105
MT;41.0;3.311806910229331
MT;42.0;2.3041423059200667
MT;43.0;2.140221893270841
MT;44.0;1.549696902533428
MT;45.0;8.508523113307568
MT;46.0;1.303669174239582
MT;47.0;1.3291652708877706
MT;48.0;1.5705713036207953
MT;49.0;0.3371268298733683
MT;50.0;1.2173691822171913
MT;51.0;1.001739348187396
MT;52.0;1.5670373627743146
MT;53.0;1.5894240410736948
MT;54.0;1.705008939356695
MT;55.0;1.5865924676555814
MT;56.0;0.7087410216726653
MT;57.0;1.2310293605899236
PA;1.0;-4.629292284162446
PA;2.0;33.66529725320597
PA;3.0;2.5615968045648714
PA;4.0;1.429774312696182
PA;5.0;-2.7787356806720123
PA;7.0;-13.501456660860438
PA;8.0;6.077873569987872
PA;9.0;3.592415826405272
PA;10.0;3.5687992824665216
PA;11.0;5.121273247347062
PA;12.0;1.0146276048798106
PA;13.0;0.05866243198819587
PA;14.0;0.11936665506782163
PA;15.0;13.70249514947249
PA;16.0;1.7886570533173547
PA;18.0;2.1232678592524934
PA;19.0;1.495608876943134
PA;20.0;1.2540285177173107
PA;21.0;0.5044499286477553
PA;22.0;1.425717878459066
PA;23.0;-1.966373646021644
PA;24.0;-6.081268655723374
PA;25.0;0.3492231927303777
PA;26.0;0.4481967487582623
PA;27.0;2.9519942672323483
PA;28.0;1.8378460300073183
PA;29.0;3.6852942989923987
PA;30.0;-0.5620667154962238
PA;31.0;1.6193304619635036
PA;32.0;-0.09208854744231942
PA;33.0;4.6384533089542135
PA;34.0;1.545275325157501
PA;35.0;1.9641656418323912
PA;36.0;0.6440965677476207
PA;37.0;2.440552306484017
PA;38.0;0.4230550465098535
PA;39.0;1.9905483482050643
PA;40.0;2.1142484422089405
PA;41.0;2.6059698296799
PA;42.0;2.26519420663414
PA;43.0;-1.0241758386306756
PA;44.0;1.172366301696029
PA;45.0;2.3139655592263892
PA;46.0;1.404880116696697
PA;47.0;1.2681588976834703
PA;48.0;1.1710816867872396
PA;49.0;0.46691614210308785
PA;50.0;1.81320868730886
PA;51.0;0.771016890703903
PA;52.0;1.5030420817992045
PA;53.0;0.8004137366981308
PA;54.0;1.6567648027079507
PA;55.0;1.3639809259382094
PA;56.0;1.4307005621827678
PA;57.0;1.9423587408570002
PB;1.0;-17.68132200341931
PB;3.0;2.654174803890875
PB;4.0;0.7306137360516232
PB;5.0;1.521202870079133
PB;6.0;1.5943080381954076
PB;7.0;0.02740115963259626
PB;8.0;38.16864234066968
PB;9.0;3.6625168001584427
PB;10.0;2.4478153904580466
PB;11.0;-20.124087217642625
PB;12.0;-1.6180294503702752
PB;13.0;0.2665807417816888
PB;14.0;1.9968098520471074
PB;15.0;-1.7741499676779933
PB;16.0;1.1239489587908498
PB;18.0;-0.9415831850376861
PB;19.0;3.926010721202168
PB;20.0;6.203182686991587
PB;21.0;-0.13499042763316993
PB;22.0;1.9012498874904278
PB;23.0;6.664836295869456
PB;24.0;1.5505298225067854
PB;25.0;1.215006667459165
PB;26.0;0.044219181787038764
PB;27.0;0.2036612172002279
PB;28.0;1.6474167980443344
PB;29.0;0.4170939784712884
PB;30.0;3.341418840005778
PB;31.0;-0.5196895349111053
PB;32.0;-0.11041231168538346
PB;33.0;1.5061526965423049
PB;34.0;1.3803177368500776
PB;35.0;1.2019972679006372
PB;36.0;0.28285882583795363
PB;37.0;1.806483995995305
PB;38.0;2.241041331743184
PB;39.0;6.244311882905655
PB;40.0;-1.1463321443428125
PB;41.0;0.7766362244359604
PB;42.0;1.4978486634750716
PB;43.0;1.609223657071766
PB;44.0;1.9957869409220552
PB;45.0;2.0156084921630253
PB;46.0;1.4248928301669705
PB;47.0;1.52967559782768
PB;48.0;0.9549106255677948
PB;49.0;0.47716040163514517
PB;50.0;1.8328642787202583
PB;51.0;0.5357730074727645
PB;52.0;1.2999350720438478
PB;53.0;1.1011372050472552
PB;54.0;1.7146064373456618
PB;55.0;1.749851025015488
PB;56.0;1.023896402497936
PB;57.0;2.4926245938123044
PE;1.0;-7.568916343988548
PE;2.0;0.0
PE;3.0;-16.402298487412196
PE;4.0;0.0024050861426587744
PE;5.0;1.4897268105262356
PE;6.0;-1.3432629079251512
PE;7.0;0.9208047880623482
PE;8.0;1.593302903261275
PE;9.0;1.3610187989997087
PE;10.0;0.9720852906554143
PE;11.0;4.129644449287241
PE;12.0;3.2317985558994806
PE;13.0;7.815861833138366
PE;14.0;-2.1114977142434057
PE;15.0;-38.42435729583693
PE;16.0;1.1302880708023402
PE;18.0;1.4979343416595157
PE;19.0;4.216733879533584
PE;20.0;1.515134939967382
PE;21.0;0.15559540497349467
PE;22.0;1.4815748720325992
PE;23.0;2.4369188582335752
PE;24.0;0.45561168062609525
PE;25.0;1.1417462646232428
PE;26.0;1.2194884566903659
PE;27.0;2.103655366183008
PE;28.0;1.900146159282217
PE;29.0;1.8320294858488229
PE;30.0;3.199432817350629
PE;31.0;2.776424145796227
PE;32.0;0.6436128535195778
PE;33.0;0.8665351699810877
PE;34.0;1.1017256703970553
PE;35.0;2.5306430109259974
PE;36.0;1.053638849730369
PE;37.0;1.597551977832957
PE;38.0;0.8057584460595333
PE;39.0;8.189079298881158
PE;40.0;0.7389744010764563
PE;41.0;2.9267246289834414
PE;42.0;1.6074144648891853
PE;43.0;5.33114883409371
PE;44.0;3.60041045408503
PE;45.0;1.302383230638469
PE;46.0;1.5077833952155641
PE;47.0;1.2671931236146783
PE;48.0;1.4963007188406259
PE;49.0;0.9734611356178533
PE;50.0;1.3095774366830248
PE;51.0;1.481076734077364
PE;52.0;1.3442469709542806
PE;53.0;0.8234904922075366
PE;54.0;1.1281793014763473
PE;55.0;1.280418534242525
PE;56.0;1.2182926170926933
PE;57.0;1.3999309100705961
PI;1.0;-5.2200352905321665
PI;2.0;0.0
PI;3.0;4.57314624982439
PI;4.0;-4.054489980869619
PI;5.0;2.6305634683816574
PI;6.0;19.56221297789771
PI;7.0;2.76630651889465
PI;8.0;5.1932696202064506
PI;9.0;11.108768784727374
PI;10.0;4.677505398533754
PI;11.0;27.463416103383764
PI;12.0;0.573602463720924
PI;13.0;1.4834267670597459
PI;14.0;4.158794121025764
PI;15.0;-85.55126535413481
PI;16.0;-3.552713678800501e-15
PI;18.0;-0.25054179334781423
PI;19.0;2.1751619293263085
PI;20.0;4.0423376794551125
PI;21.0;-0.10502628636494649
PI;22.0;0.9043542026941331
PI;23.0;0.6822795818205876
PI;24.0;10.385500077102114
PI;25.0;1.4095816638477228
PI;26.0;1.0957441083199706
PI;27.0;1.8928624994124128
PI;28.0;1.206521150537375
PI;29.0;1.69917725983509
PI;30.0;1.8318118313735567
PI;31.0;6.651603504175055
PI;32.0;-0.685819056716026
PI;33.0;1.3538280565718868
PI;34.0;0.9893960465790279
PI;35.0;-4.034489669267009
PI;36.0;1.9351952950877198
PI;37.0;2.0115178275372747
PI;38.0;2.6335926010529183
PI;39.0;0.41090607373260735
PI;40.0;3.1980794237225316
PI;41.0;0.8002483318328375
PI;42.0;1.7669898651131142
PI;43.0;2.604944970944217
PI;44.0;0.004963018028709465
PI;45.0;-3.3896160026186557
PI;46.0;1.2854873383940113
PI;47.0;1.3921623556522391
PI;48.0;0.7525096802872113
PI;49.0;-1.0122991037706806
PI;50.0;1.2350622084327396
PI;51.0;0.7437577013770085
PI;52.0;0.516395167374597
PI;53.0;2.830748003335021
PI;54.0;2.4542653966328167
PI;55.0;1.4985217764804482
PI;56.0;1.0240579993695178
PI;57.0;1.5867795445690707
PR;1.0;7.397552865716747
PR;2.0;-0.009211225200168371
PR;3.0;0.1996788001115135
PR;4.0;2.744276810323271
PR;5.0;1.3697350769235328
PR;6.0;7.099684956720836
PR;7.0;1.399603161308871
PR;8.0;-0.3033022553019009
PR;9.0;-1.2992158369968365
PR;10.0;1.478067772772377
PR;11.0;2.4096430130016415
PR;12.0;0.7672352238987958
PR;13.0;1.0631869247235888
PR;14.0;-0.45846604335575947
PR;15.0;0.21282152229379037
PR;16.0;0.054016862154362855
PR;18.0;0.7249737484487611
PR;19.0;0.06130579649642165
PR;20.0;1.521085237138898
PR;21.0;0.8951199109780958
PR;22.0;1.0842485561554174
PR;23.0;-2.5107925156042796
PR;24.0;1.8316588474695656
PR;25.0;1.0067283495433
PR;26.0;1.130480501866756
PR;27.0;0.7121868539592011
PR;28.0;0.9851534030826414
PR;29.0;2.0218836471300303
PR;30.0;0.6265849916320203
PR;31.0;0.9359413241103596
PR;32.0;-0.7668527613305862
PR;33.0;1.5248075826392196
PR;34.0;1.1690123618601103
PR;35.0;1.512956182689221
PR;36.0;2.128628110459097
PR;37.0;1.1269399711766575
PR;38.0;1.1592078496864016
PR;39.0;2.254079220485215
PR;40.0;1.8974547689379975
PR;41.0;1.5389613029194447
PR;42.0;0.9180584098945523
PR;43.0;0.1107864446278981
PR;44.0;1.287112930041424
PR;45.0;1.1996577059715037
PR;46.0;1.175297298493776
PR;47.0;0.9558102976661367
PR;48.0;1.0996038193482196
PR;49.0;0.6783800754502076
PR;50.0;1.492624015620911
PR;51.0;1.0874671028022451
PR;52.0;1.0422118098238968
PR;53.0;1.0635446832598152
PR;54.0;1.0423642159276305
PR;55.0;0.5925278939663592
PR;56.0;0.9470091752533136
PR;57.0;0.9424967848284869
RJ;1.0;-18.214327547054232
RJ;2.0;0.0
RJ;3.0;-3.176067173465384
RJ;4.0;-0.531993462338761
RJ;5.0;-0.553921356236275
RJ;6.0;-3.8743619363299615
RJ;7.0;-0.029210540216018543
RJ;8.0;1.9953616897071242
RJ;9.0;0.09871310430560243
RJ;10.0;-0.7678296525614741
RJ;11.0;-5.627860225558322
RJ;12.0;-0.941275352826608
RJ;13.0;-0.22136092174351818
RJ;14.0;0.9573745171295229
RJ;15.0;-10.642456868178314
RJ;16.0;0.889170325574483
RJ;18.0;2.7799010335076417
RJ;19.0;-0.5557223642042484
RJ;20.0;0.3015789081152782
RJ;21.0;-0.1321602561184001
RJ;22.0;0.41497628506672335
RJ;23.0;10.473504712768865
RJ;24.0;-2.2086091140747826
RJ;25.0;0.331710437361842
RJ;26.0;0.39396639209713635
RJ;27.0;-0.2220272519123565
RJ;28.0;1.0049593442341767
RJ;29.0;1.602851946959773
RJ;30.0;0.6509495263359018
RJ;31.0;-0.19305983301656227
RJ;32.0;4.1700756165758115
RJ;33.0;0.7121581160141162
RJ;34.0;0.4985383787942066
RJ;35.0;0.8216272513099145
RJ;36.0;1.8117983218852345
RJ;37.0;0.9694253306559055
RJ;38.0;1.6600891650191176
RJ;39.0;0.7711435944421652
RJ;40.0;-0.3151688121964291
RJ;41.0;0.5025262560934038
RJ;42.0;1.413413193486937
RJ;43.0;1.177242340191853
RJ;44.0;0.15018828711873233
RJ;45.0;0.19478332752137817
RJ;46.0;0.9908590376275708
RJ;47.0;0.7666219400946588
RJ;48.0;0.8773209050798236
RJ;49.0;1.1595386529606975
RJ;50.0;1.058575739629152
RJ;51.0;1.0461183879786766
RJ;52.0;0.45183542733244053
RJ;53.0;0.6636483204931363
RJ;54.0;0.636598756037813
RJ;55.0;1.1415915457998196
RJ;56.0;0.7681628554032436
RJ;57.0;0.6929996346003344
RN;1.0;4.349916450607907
RN;3.0;1.4923616185495803
RN;4.0;-3.2850055644616987
RN;5.0;3.489913799685352
RN;6.0;-4.497289400664073
RN;7.0;-3.4244891623931615
RN;8.0;1.7572300564318368
RN;9.0;-1.1000622598947132
RN;10.0;-0.8426812727194317
RN;11.0;4.387546756568213
RN;12.0;1.0871201254715182
RN;13.0;12.929349483699804
RN;14.0;2.0482893747741713
RN;16.0;0.5846246861204278
RN;18.0;0.033283249483588406
RN;19.0;-0.27997924768377835
RN;20.0;0.6531077876953084
RN;21.0;-8.656922419079411
RN;22.0;1.3395162563813017
RN;23.0;2.2689197196523674
RN;24.0;2.417925924251893
RN;25.0;0.9018511637170867
RN;26.0;1.144446695427023
RN;27.0;0.027468971041633594
RN;28.0;1.7697883460335824
RN;29.0;0.7141993443973176
RN;30.0;1.9949582299102673
RN;31.0;1.7565819088542352
RN;32.0;0.005472343680338554
RN;33.0;0.37280739214631176
RN;34.0;1.1015456774689945
RN;35.0;-0.25159122381166554
RN;36.0;-2.3307550026846204
RN;37.0;0.9110902599966515
RN;38.0;1.8058787358561217
RN;39.0;0.040968366044823235
RN;40.0;-0.46916557546738513
RN;41.0;0.9992775218268495
RN;42.0;2.5594066067452967
RN;43.0;0.9581069805061233
RN;44.0;2.0919961561089333
RN;45.0;1.859594138556389
RN;46.0;0.8655125599174873
RN;47.0;1.153373487535358
RN;48.0;0.9022052927491302
RN;49.0;0.2597107213874912
RN;50.0;0.7207058974524116
RN;51.0;2.20744704121441
RN;52.0;1.4671654690040263
RN;53.0;0.6490849050597554
RN;54.0;1.501606213210497
RN;55.0;1.6004878251003127
RN;56.0;0.4739636954957547
RN;57.0;0.8136414773070779
RO;1.0;-3.1873450734823336
RO;2.0;0.18489921712834287
RO;3.0;4.634727758576055
RO;4.0;0.8750696467052563
RO;5.0;2.330279806683812
RO;6.0;51.67476112525701
RO;7.0;1.223534599182214
RO;8.0;4.672314031286703
RO;9.0;4.543681022932361
RO;10.0;1.3497583215175695
RO;11.0;2.4949257255973976
RO;12.0;3.0018653098135815
RO;13.0;1.7482969496210163
RO;14.0;-4.217759612147496
RO;15.0;0.0
RO;18.0;1.0331334912952386
RO;19.0;1.4482627744771222
RO;20.0;1.8183094564029165
RO;21.0;2.4386296853401666
RO;22.0;0.9941322858566011
RO;23.0;2.236247097685002
RO;25.0;0.9443997767368506
RO;26.0;2.335114837122966
RO;27.0;2.977313880209434
RO;28.0;1.8259853765669263
RO;29.0;3.2853802337953093
RO;30.0;-0.43515553923888994
RO;31.0;-2.3006919711124922
RO;32.0;3.244623995973613
RO;33.0;3.3509811206840237
RO;34.0;1.4291403578008932
RO;35.0;0.9382708679918288
RO;36.0;0.7597442090992832
RO;37.0;1.8897525912180573
RO;38.0;1.8571845180801052
RO;39.0;6.826107921915628
RO;40.0;-6.3289530998638295
RO;41.0;6.188128743162376
RO;42.0;1.623761018225128
RO;43.0;3.368491532376204
RO;44.0;0.0
RO;45.0;-1.1998614530997465
RO;46.0;2.706325145178049
RO;47.0;1.3613055732613333
RO;48.0;1.466505091052845
RO;49.0;2.1425050501632446
RO;50.0;0.9581619188777069
RO;51.0;1.0547414028266182
RO;52.0;2.351984587814208
RO;53.0;3.3763806420579403
RO;54.0;1.8067155868560913
RO;55.0;1.1141193814513173
RO;56.0;1.1188852843220012
RO;57.0;2.371003064505848
RR;1.0;-5.022141888000732
RR;3.0;0.06608788193490635
RR;4.0;4.671254738371509
RR;5.0;-1.1001018036868402
RR;6.0;0.25369197373611985
RR;7.0;0.0
RR;8.0;0.6092010866045428
RR;9.0;17.816781109373238
RR;10.0;1.3276635370306948
RR;11.0;35.45669947257197
RR;13.0;11.542867825217735
RR;14.0;0.9478655139783569
RR;18.0;5.336905356652267
RR;19.0;2.048400896257588
RR;20.0;-3.408015422956801
RR;22.0;1.7122460083323086
RR;23.0;-0.8791737819603114
RR;25.0;1.2164589350116817
RR;26.0;2.3656476602598544
RR;27.0;-5.59780300640395
RR;28.0;6.673160745091259
RR;29.0;4.125088051977071
RR;30.0;1.0141255404411469
RR;31.0;-4.1180090368248585
RR;32.0;8.543603804702066
RR;33.0;6.38387572823079
RR;34.0;2.4720385254278128
RR;35.0;1.042310210964816
RR;36.0;0.0
RR;37.0;0.5983291812815925
RR;38.0;5.749364905324651
RR;40.0;0.1313124621320911
RR;42.0;2.8521357342874785
RR;43.0;6.811176466468382
RR;45.0;1.96458016529699
RR;46.0;0.14919720930576386
RR;47.0;2.0060240693791176
RR;48.0;1.3411230196138
RR;49.0;3.610585779588532
RR;50.0;-0.3804403322182841
RR;51.0;1.8819959139791251
RR;52.0;2.221800941221698
RR;53.0;1.2047442321618638
RR;54.0;2.078382396310854
RR;55.0;0.4630786859176581
RR;56.0;4.245654923630688
RR;57.0;1.7491629957682715
RS;1.0;-1.1793443289253247
RS;2.0;5.573417530830554
RS;3.0;-0.7743070053177377
RS;4.0;4.55785498969513
RS;5.0;1.3114264530422162
RS;6.0;0.12404802385869473
RS;7.0;0.40805322181970816
RS;8.0;1.2567689849850012
RS;9.0;-0.11106096176223446
RS;10.0;1.129810807911113
RS;11.0;6.276141180845457
RS;12.0;1.1656573287570318
RS;13.0;1.4495937366243798
RS;14.0;-0.6292656275661059
RS;15.0;-1.0947738488104903
RS;16.0;11.430000729076315
RS;18.0;1.9091271298980672
RS;19.0;0.19133033485599782
RS;20.0;0.6967805582505093
RS;21.0;1.1994025548307388
RS;22.0;1.3595552366519215
RS;23.0;1.2212129805690353
RS;24.0;4.577196700409897
RS;25.0;0.9556886977026018
RS;26.0;0.18366194819169834
RS;27.0;1.1549529306691966
RS;28.0;1.3748252331889876
RS;29.0;0.07873218081986533
RS;30.0;1.0123319118517706
RS;31.0;0.5105677358670633
RS;32.0;0.5113437074950529
RS;33.0;0.8204137411232928
RS;34.0;1.063599839973957
RS;35.0;2.0575027542228828
RS;36.0;0.8091280475450748
RS;37.0;1.0375011450207907
RS;38.0;1.2793495527818113
RS;39.0;5.3345483272355825
RS;40.0;0.8390949346875587
RS;41.0;1.3486575916736108
RS;42.0;0.7394332412122946
RS;43.0;0.9136971883489196
RS;44.0;1.4324807897763705
RS;45.0;2.211507462719368
RS;46.0;0.9647771442510518
RS;47.0;0.9204344183661064
RS;48.0;0.9724863119931833
RS;49.0;0.7428159254558979
RS;50.0;1.3449164138196128
RS;51.0;0.9991759338804478
RS;52.0;0.0713543110649475
RS;53.0;0.8777119898166177
RS;54.0;1.0238055317223562
RS;55.0;0.6823169486712608
RS;56.0;1.2765638092263814
RS;57.0;0.7638947394389124
SC;1.0;-1.9158074338042184
SC;2.0;0.0
SC;3.0;2.6484569964101894
SC;4.0;-0.5417851100054065
SC;5.0;4.792423359592174
SC;6.0;-20.653041425218635
SC;7.0;-0.35828107813227916
SC;8.0;2.0046118696612893
SC;9.0;-0.43032959805802307
SC;10.0;-0.6020656405548976
SC;11.0;5.854485812079133
SC;12.0;-1.1161352045442614
SC;13.0;0.05767661517902045
SC;14.0;-0.368398409971995
SC;15.0;-0.17343688630431764
SC;16.0;-0.38570248300527155
SC;18.0;1.2996890798003449
SC;19.0;1.2934549476173451
SC;20.0;0.3068030335301799
SC;21.0;0.07560812628410929
SC;22.0;1.5085194325053095
SC;23.0;0.5844380204619952
SC;24.0;2.7086314906819826
SC;25.0;0.5767420107564307
SC;26.0;0.6927450060457749
SC;27.0;0.31158872339596044
SC;28.0;1.0109787702170152
SC;29.0;1.1302001697853719
SC;30.0;0.18446364165600748
SC;31.0;1.2253025900180887
SC;32.0;-0.46287861564632404
SC;33.0;1.178555767412103
SC;34.0;0.7682684452815494
SC;35.0;0.8656493278749924
SC;36.0;0.867560560103712
SC;37.0;1.2808333835816814
SC;38.0;0.7731613784756703
SC;39.0;2.2017776409442398
SC;40.0;1.82159169965888
SC;41.0;1.259968435139946
SC;42.0;0.9612355180617875
SC;43.0;4.057126690386397
SC;44.0;0.45557575946021256
SC;45.0;1.7340963575895216
SC;46.0;0.8933130362901505
SC;47.0;0.9613212898347605
SC;48.0;1.2134157346719334
SC;49.0;2.0782266341152704
SC;50.0;1.226092376798408
SC;51.0;1.7788542453540561
SC;52.0;0.8135489728270144
SC;53.0;1.2888634598674322
SC;54.0;1.0648413781484525
SC;55.0;0.7798212155416273
SC;56.0;1.3258933666615462
SC;57.0;1.15481604195611
SE;1.0;-1.3307388030565477
SE;2.0;0.3015576346266836
SE;3.0;0.9744266956728822
SE;4.0;-0.9139908390309586
SE;5.0;0.535277112729144
SE;6.0;8.543250840907746
SE;7.0;1.2992807165056668
SE;8.0;-6.3150415920841
SE;9.0;-3.180026416637361
SE;10.0;1.258083379301084
SE;11.0;-5.235953224178104
SE;12.0;5.221830936241365
SE;13.0;-18.253717399088508
SE;14.0;1.8259866448077915
SE;15.0;0.18348618672618905
SE;16.0;2.6770567072112783
SE;18.0;2.2480452267736126
SE;19.0;-0.04165105544863046
SE;20.0;-2.07410055200873
SE;21.0;12.636354790474677
SE;22.0;2.1982895173703643
SE;23.0;0.7862262116955989
SE;24.0;4.29358615450195
SE;25.0;1.3882489513969558
SE;26.0;0.35240630040297916
SE;27.0;0.5197340177337324
SE;28.0;0.6452108346131205
SE;29.0;1.385469903620617
SE;30.0;3.301993329993741
SE;31.0;1.111847418340762
SE;32.0;7.417134548146942
SE;33.0;1.3172392148525702
SE;34.0;1.126724248240036
SE;35.0;2.0678603676544087
SE;36.0;1.1151761956246258
SE;37.0;2.9239195174215347
SE;38.0;0.9275085324805721
SE;39.0;-3.440848579581659
SE;40.0;-0.4825635597532907
SE;41.0;-0.023823097960367967
SE;42.0;2.4388871219910513
SE;43.0;1.4899897837861147
SE;44.0;1.0370921529317356
SE;45.0;-1.0893085079823095
SE;46.0;0.6932225798566929
SE;47.0;1.126395194417876
SE;48.0;1.1128478537468034
SE;49.0;0.7537918402209955
SE;50.0;0.741907600374768
SE;51.0;1.3749493878557217
SE;52.0;0.4113959876281257
SE;53.0;2.0539711463798547
SE;54.0;1.3505031185715772
SE;55.0;2.0588643553903854
SE;56.0;0.7834184608869421
SE;57.0;2.0303373033446848
SP;1.0;1.4195352412716034
SP;2.0;-1.7705339656767762
SP;3.0;2.169807002447527
SP;4.0;2.253749691573489
SP;5.0;0.6710132929685564
SP;6.0;-0.07000946641286987
SP;7.0;-0.06830785741661671
SP;8.0;-0.9297160204687316
SP;9.0;-0.4603939827144927
SP;10.0;0.8220834139523276
SP;11.0;-0.3299954910152678
SP;12.0;2.082141853396017
SP;13.0;0.4137109454604939
SP;14.0;2.9501132812380675
SP;15.0;0.1764132218539336
SP;16.0;3.9268737232106616
SP;18.0;0.7113147285189996
SP;19.0;0.5361725456195856
SP;20.0;0.42324729465426714
SP;21.0;0.8765211868769853
SP;22.0;0.8502003749250768
SP;23.0;2.1008102885481605
SP;24.0;1.317749633398396
SP;25.0;0.91173684430421
SP;26.0;1.760936155658599
SP;27.0;0.836160969939078
SP;28.0;0.6315348041317002
SP;29.0;0.8167065701774465
SP;30.0;2.04611592132143
SP;31.0;0.47374382426661654
SP;32.0;0.6101324835536719
SP;33.0;0.5832921849895811
SP;34.0;0.4954602833928661
SP;35.0;1.3575161686678356
SP;36.0;0.787373296913735
SP;37.0;0.710104286949262
SP;38.0;0.7509814248634168
SP;39.0;0.19641775944167428
SP;40.0;0.4802254754627562
SP;41.0;0.7437592105984834
SP;42.0;0.7791153633526697
SP;43.0;1.077589167100598
SP;44.0;0.6954433680829357
SP;45.0;-0.529843073789749
SP;46.0;0.8751643817701371
SP;47.0;0.8690161655843589
SP;48.0;0.9641857966062801
SP;49.0;1.0963324909935794
SP;50.0;0.8288866220018853
SP;51.0;0.9510303763083527
SP;52.0;0.946184075914779
SP;53.0;0.9159262504305516
SP;54.0;0.8614879635833717
SP;55.0;0.8568141237016853
SP;56.0;0.860106087945006
SP;57.0;0.7298691617931494
TO;1.0;-1.1574738852297486
TO;2.0;0.0
TO;3.0;4.767219928127105
TO;4.0;-0.8721142501117072
TO;5.0;-2.433645122294693
TO;6.0;4.646476789079877
TO;7.0;4.989318327796051
TO;8.0;2.180292002613754
TO;9.0;1.3187501050133221
TO;10.0;-0.16125055846926983
TO;11.0;-12.764183340079455
TO;12.0;-0.021008752412924103
TO;13.0;-0.3769762364992837
TO;14.0;-1.1941099603035426
TO;15.0;-2.806534146818115
TO;18.0;0.6239209461183748
TO;19.0;1.7529956982192552
TO;20.0;2.0419631221001637
TO;21.0;-0.30046581821031637
TO;22.0;1.2957425168966736
TO;23.0;3.983689377232608
TO;24.0;-15.20868034374687
TO;25.0;2.2997582626004247
TO;26.0;12.061690180012082
TO;27.0;2.807243028159444
TO;28.0;1.7720640538281387
TO;29.0;4.120792393884521
TO;30.0;4.892874547560943
TO;31.0;-5.490758567895406
TO;32.0;8.11145012934863
TO;33.0;5.0676890480706
TO;34.0;2.0859822634558913
TO;35.0;6.169474718242031
TO;36.0;-12.84807044113276
TO;37.0;1.317848712196139
TO;38.0;1.3662348930440817
TO;39.0;5.076615426082805
TO;40.0;2.6887964378280667
TO;41.0;6.317101399404681
TO;42.0;2.422085846825267
TO;43.0;1.2678961670292566
TO;44.0;0.19897383790958362
TO;45.0;0.80323206899822
TO;46.0;0.44477564173534834
TO;47.0;1.4397048823883907
TO;48.0;1.6298409838579904
TO;49.0;0.015004486979836251
TO;50.0;1.0913719829667157
TO;51.0;1.291490016119738
TO;52.0;1.628707197211666
TO;53.0;2.604768826679109
TO;54.0;2.586163846510363
TO;55.0;1.7346871216948276
TO;56.0;0.6275507185819578
TO;57.0;1.751898949343902
